Port Bouët,Abouabou
Port Bouët,Benogosso
Port Bouët,Amangoua
Port Bouët,Adjahui-Namoué
Port Bouët,Moussakro
Port Bouët,Abattoir3
Port Bouët,Abattoir2
Port Bouët,Hôpital 1
Port Bouët,Commissariat 1
Port Bouët,Hopital
Port Bouët,43 ème Bima
Port Bouët,Hôpital Grand Marche
Port Bouët,Petit Bassam
Port Bouët,CIE Bassam
Port Bouët,Vridi Chapelle
Port Bouët,Vridi Gendarmerie
Port Bouët,Vridi 3 Foyer
Port Bouët,Vridi-Canal Sir
Port Bouët,Camp Douanes Vridi
Port Bouët,Phare 3
Port Bouët,Phare Collège Moderne
Port Bouët,Alladjan
Port Bouët,Phare Littoral
Port Bouët,Sogefiha
Port Bouët,Océan
Port Bouët,Abrogouaman
Port Bouët,Derrière Wharf
Port Bouët,Aéroport
Port Bouët,Abattoir 1
Port Bouët,Adjouffou 1
Port Bouët,Adjouffou 2
Port Bouët,Aka Anghui
Port Bouët,Adjouffou Village
Port Bouët,Gonzagueville
Port Bouët,Anani Amamou
Port Bouët,Jean-Folly
Port Bouët,Vridi Ecole
Koumassi,Abia Koumassi
Koumassi,Sicogi 1
Koumassi,Sicogi 2
Koumassi,Sicogi 3
Koumassi,Mairie
Koumassi,Grand Marché
Koumassi,Sogéfhia Zone Indutrielle
Koumassi,E M C C
Koumassi,Remblais
Koumassi,Progrès
Koumassi,Prodomo Sopim Pangolin
Koumassi,Koumassi Nord Est I
Koumassi,Koumassi Nord Est II
Koumassi,Ile Desirée
Marcory,Résidentiel
Marcory,Anoumabo
Marcory,Alliodan
Marcory,Marie Koré
Marcory,Gnanzoua
Marcory,Champroux
Marcory,Kablan Brou Fulgence
Marcory,Jean Batiste Mockey
Marcory,Hibiscus
Marcory,Konan Raphael (Sicogi)
Marcory,Adamin
Marcory,Zone 4C
Marcory,Biétry
Marcory,Abia Abety
Marcory,Ancien Koumassi Village
Treichville,Yobou Lambert
Treichville,Boni Pierre
Treichville,Jacques Aka
Treichville,Antonin Dioulo
Treichville,El Hadj Mamadou Komara
Treichville,Notre Dame
Treichville,Louis De Gonzague
Treichville,Séni Fofana
Treichville,El Mensour
Treichville,Cyrille Polneau
Treichville,N'Guessan Kouame Albert
Treichville,El Hadj Mory Diomande
Treichville,Tanoh Blaise
Treichville,Yoman Kacou
Treichville,Boa Kassi
Treichville,Cité Fonctionnaire
Treichville,Seyin Gueye
Treichville,Ezan Pascal
Treichville,Cité Ran
Treichville,Jeanne D'Arc
Treichville,Pierre Kouame
Treichville,Georges Kassi
Treichville,Jean Yao
Treichville,Paul Teasson
Treichville,Sery Koré
Treichville,Voltaire
Treichville,Entente
Treichville,Auguste Denise
Treichville,El Hadj Aboubacar Sacko
Treichville,Arras I
Treichville,Arras II
Treichville,Arras III
Treichville,Habitat Craone
Treichville,Habitat Belle-Ville
Treichville,Zone Indusrielle
Treichville,Kouassi Lenoir
Treichville,Zone Portuaire
Plateau,Camp Gendarmerie Indénié
Plateau,Camp Gallieni
Plateau,Ran Défense Sodeci INSP
Plateau,Cité Policière
Plateau,Caréna Port De Plaisance Mobil
Plateau,Six Batiments
Plateau,40 Logements
Plateau,Ran Garage
Plateau,Plateau Centre
Plateau,Chiens Mechants
Plateau,Kim-Marché
Plateau,Cité Esculape
Plateau,Ran Lagune Gare De Train Ptt P
Plateau,Port Et Douane Rue Du Commerce
Attécoubé,Agban Village
Attécoubé,Cité Fairmont
Attécoubé,Attécoubé 3
Attécoubé,Gbebouto
Attécoubé,Lagune
Attécoubé,Agan Attié
Attécoubé,Saint Joseph
Attécoubé,Nemantoulaye
Attécoubé,Espoir
Attécoubé,Mosquée
Attécoubé,Ecoles
Attécoubé,La Paix
Attécoubé,Bidjan-Te
Attécoubé,Djeni Ecaré
Attécoubé,Bramacoté
Attécoubé,Santé III
Attécoubé,Sébroko
Attécoubé,Santé Village
Attécoubé,Jean Paul II
Attécoubé,Locodjro
Attécoubé,Abobo Doumé Extension
Attécoubé,Lackman
Attécoubé,Jérusalem 2
Attécoubé,Jérusalem 1
Attécoubé,Jérusalem Residentiel
Attécoubé,Abobodoumé Village
Attécoubé,Douagoville
Adjamé,Williamsville 1
Adjamé,Williamsville 2
Adjamé,Williamsville 3 Universite Adjamé
Adjamé,Sodéci-Filtisac
Adjamé,Paillet
Adjamé,Bracodi
Adjamé,Habitat-Expension
Adjamé,Ebrié
Adjamé,Adjamé Nord
Adjamé,Mirador
Adjamé,Marie-Thérèse
Adjamé,Houphouët Boigny
Adjamé,220 Logements
Adjamé,Ecole Bramakoté
Adjamé,Mairie 1
Adjamé,Mairie 2
Adjamé,Saint Michel
Adjamé,Adjamé-Village
Adjamé,Indenié
Adjamé,Dallas
Cocody,Angré
Cocody,Djorogobite I
Cocody,Plateau-Dokui
Cocody,Sidéci Zoo
Cocody,Aghien
Cocody,Septième Tranche
Cocody,Sidéci
Cocody,Akouédo Nouveau
Cocody,Palmerais Génie 2000
Cocody,Faya Saint Paul
Cocody,Akouedo Est
Cocody,Riviéra Palmeraie
Cocody,Bonoumin
Cocody,Attoban
Cocody,Deux Plateau
Cocody,Sidéci
Cocody,Adjamé Compensation Deuxième Tranche
Cocody,Deux Plateau Est
Cocody,Adjamé Compensation Première Tranche
Cocody,Sopïm Vallon
Cocody,II Plateau
Cocody,Agban Gendaremerie
Cocody,Ena
Cocody,Akouédo Village
Cocody,Camp Militaire Akouedo
Cocody,Sideci Riviéra
Cocody,Sogéfiha Riviéra 2
Cocody,Allabra Sogefia
Cocody,Anono Village
Cocody,Cité Des Cadres
Cocody,Lycée Technique
Cocody,Ecole De Gendarmerie
Cocody,Danga Nord
Cocody,Cité Des Arts
Cocody,Les Jardins De La Riviera
Cocody,EECI Riviéra
Cocody,Résidence Anono
Cocody,La Canebière
Cocody,Camp Gendarmerie Indenie
Cocody,RTI
Cocody,CHU
Cocody,Université
Cocody,Les Elias
Cocody,Anono Extension Ouest
Cocody,Anono Extension Est
Cocody,Le Golf
Cocody,Riviéra 4 Residentielle
Cocody,Les Caddies
Cocody,Danga Sud
Cocody,Chateau D'Eau
Cocody,Mermoz
Cocody,Riviéra Golf
Cocody,Golf 1
Cocody,M'Badon
Cocody,Riviéra 3-4-5
Cocody,M'Pouto Village
Cocody,M'Pouto Extention(Sol Benin)
Cocody,Riviéra Golf 1
Cocody,Riviéra Golf 2
Cocody,Riviéra Golf 3
Cocody,Val-Doyen
Cocody,Ambassades
Cocody,Cocody Village
Cocody,Blockhauss
Abobo,Sagbe-Nord
Abobo,Agouéto
Abobo,Anonkoi-Kouté
Abobo,Avocatier N'Guessankoi
Abobo,Anonkoi III
Abobo,Sagbé Centre
Abobo,Abobo Sud Troisième Tranche
Abobo,Abobo-Dokui
Abobo,Zanzoukoua
Abobo,Agnissankoi Avocatier
Abobo,Abobo-Nord Setu
Abobo,Mponon
Abobo,Cent Douze Hectares
Abobo,Banco 1&2
Abobo,Abobo-Sud Deuxième Tranche
Abobo,Anador
Abobo,Abobo-Té
Abobo,Sans Manquer
Abobo,Clouetcha Kennedy
Abobo,Agbekoi
Abobo,Sogéfhia Habitat
Abobo,Plaque 1&2
Abobo,Houphouët Boigny
Abobo,Akeikoi
Abobo,Djibi
Abobo,Abobo Centre
Abobo,Abobo Baoulé
Yopougon,Zone Industrielle
Yopougon,Prison Civile
Yopougon,Andokoi
Yopougon,Quartier Hopital (Mamie Adjoua)
Yopougon,Gare-Sud Sodeci-Gfci
Yopougon,Banco Troisième Tranche
Yopougon,Agban Attié
Yopougon,Gesco Manutention
Yopougon,Sogéfhia
Yopougon,Siporex 1
Yopougon,Attié 1
Yopougon,Bel Air
Yopougon,Port bouët 2
Yopougon,Ananeraie
Yopougon,Banco 2
Yopougon,Centre Urbain
Yopougon,Sogéfhia Solic 2
Yopougon,Banco Deuxième Tranche
Yopougon,Banco Nord Prémière Tranchhe
Yopougon,Yopougon Attié
Yopougon,Selmer
Yopougon,Nouveau Quartier
Yopougon,Ancien Quartier Sicogi
Yopougon,Niangon Nord
Yopougon,Niangon Deuxième Tranche
Yopougon,Niangon Adjame Village
Yopougon,Niangon Nord Gfci
Yopougon,Cité SGBCI
Yopougon,Toit Rouge
Yopougon,Kouté Municipalite CNPS
Yopougon,Sidéci
Yopougon,Sodéci
Yopougon,Sogéfhia(Usine Awa)
Yopougon,Camp Militaire
Yopougon,Niangon Nord Sicogi
Yopougon,Sidéci Extention Ouest
Yopougon,Niangon Sud Canal
Yopougon,Kouté Village
Yopougon,Academie Des Mers
Yopougon,Niangon sud à Droite
Yopougon,Niangon Sud à Gauche
Yopougon,Kouté Village Et Extension
Yopougon,Santé
Yopougon,Niangon Lokoa
Yopougon,Zone Industrielle (Azito)
Yopougon,Béago
Yopougon,Azito Extention Du Port
Yopougon,Km 17